title,author,genre,year,description,book_id,available,total_copies,rating,borrow_count,content
The Great Gatsby,F. Scott Fitzgerald,Fiction,1925,A story of wealth and obsession in 1920s America,1,False,3,3.4,121,The Great Gatsby F. Scott Fitzgerald Fiction A story of wealth and obsession in 1920s America
A Brief History of Time,Stephen Hawking,Science,1988,Cosmology and the nature of time explained for everyone,2,True,4,3.2,97,A Brief History of Time Stephen Hawking Science Cosmology and the nature of time explained for everyone
Sapiens,Yuval Noah Harari,History,2011,A brief history of humankind from the Stone Age,3,True,3,4.5,138,Sapiens Yuval Noah Harari History A brief history of humankind from the Stone Age
Clean Code,Robert C. Martin,Technology,2008,Best practices for writing maintainable software,4,True,1,3.9,7,Clean Code Robert C. Martin Technology Best practices for writing maintainable software
Steve Jobs,Walter Isaacson,Biography,2011,The life of Apples visionary co-founder,5,True,5,3.6,18,Steve Jobs Walter Isaacson Biography The life of Apples visionary co-founder
The Da Vinci Code,Dan Brown,Mystery,2003,A symbologist uncovers a religious conspiracy,6,True,2,4.7,70,The Da Vinci Code Dan Brown Mystery A symbologist uncovers a religious conspiracy
Harry Potter and the Sorcerers Stone,J.K. Rowling,Fantasy,1997,A boy discovers he is a wizard,7,True,4,4.2,99,Harry Potter and the Sorcerers Stone J.K. Rowling Fantasy A boy discovers he is a wizard
Atomic Habits,James Clear,Self-Help,2018,Tiny changes that lead to remarkable results,8,False,2,4.0,90,Atomic Habits James Clear Self-Help Tiny changes that lead to remarkable results
Meditations,Marcus Aurelius,Philosophy,170,Reflections by the Roman emperor on Stoic philosophy,9,False,5,4.5,199,Meditations Marcus Aurelius Philosophy Reflections by the Roman emperor on Stoic philosophy
The Lion the Witch and the Wardrobe,C.S. Lewis,Children,1950,Four children discover a magical world through a wardrobe,10,True,4,4.6,118,The Lion the Witch and the Wardrobe C.S. Lewis Children Four children discover a magical world through a wardrobe
1984,George Orwell,Fiction,1949,A dystopian vision of a totalitarian surveillance state,11,True,3,4.4,163,1984 George Orwell Fiction A dystopian vision of a totalitarian surveillance state
The Selfish Gene,Richard Dawkins,Science,1976,Evolution from the gene-centered perspective,12,True,1,3.9,165,The Selfish Gene Richard Dawkins Science Evolution from the gene-centered perspective
Guns Germs and Steel,Jared Diamond,History,1997,Why some civilizations came to dominate others,13,False,5,3.8,133,Guns Germs and Steel Jared Diamond History Why some civilizations came to dominate others
The Pragmatic Programmer,David Thomas,Technology,1999,From journeyman to master software craftsman,14,False,1,4.5,176,The Pragmatic Programmer David Thomas Technology From journeyman to master software craftsman
Elon Musk,Ashlee Vance,Biography,2015,How the worlds most ambitious entrepreneur is shaping the future,15,False,1,4.0,19,Elon Musk Ashlee Vance Biography How the worlds most ambitious entrepreneur is shaping the future
Gone Girl,Gillian Flynn,Mystery,2012,A twisted psychological thriller about a missing wife,16,True,2,4.4,41,Gone Girl Gillian Flynn Mystery A twisted psychological thriller about a missing wife
The Hobbit,J.R.R. Tolkien,Fantasy,1937,A hobbit goes on an unexpected journey,17,True,5,4.8,159,The Hobbit J.R.R. Tolkien Fantasy A hobbit goes on an unexpected journey
Think and Grow Rich,Napoleon Hill,Self-Help,1937,Principles of success from 500 wealthy individuals,18,True,1,4.8,180,Think and Grow Rich Napoleon Hill Self-Help Principles of success from 500 wealthy individuals
The Republic,Plato,Philosophy,-380,Dialogue on justice and the ideal city-state,19,True,3,3.6,31,The Republic Plato Philosophy Dialogue on justice and the ideal city-state
Charlotte Web,E.B. White,Children,1952,A pig is saved by his spider friend,20,True,4,3.4,16,Charlotte Web E.B. White Children A pig is saved by his spider friend
Fully-configurable maximized protocol,Rebecca Fox,Mystery,1981,Light site fill summer by bring different hit send ever none production development ago offer anything.,21,True,5,3.5,71,Fully-configurable maximized protocol Rebecca Fox Mystery Light site fill summer by bring different hit send ever none production development ago offer anything.
Reduced bifurcated superstructure,Tammy Gordon,Children,2011,Would race prove approach sign have road process.,22,True,2,4.5,34,Reduced bifurcated superstructure Tammy Gordon Children Would race prove approach sign have road process.
Persistent asymmetric solution,Dennis Farrell,Philosophy,1981,Force home two number property science region.,23,True,5,3.7,100,Persistent asymmetric solution Dennis Farrell Philosophy Force home two number property science region.
Digitized uniform standardization,Jared Reed,History,1988,Support rise short gas bed news arm type young single window successful year trial husband recent.,24,True,2,3.3,198,Digitized uniform standardization Jared Reed History Support rise short gas bed news arm type young single window successful year trial husband recent.
Integrated radical framework,Autumn Moyer,Mystery,1979,Assume truth government control note information stop professional nice story.,25,True,4,3.2,139,Integrated radical framework Autumn Moyer Mystery Assume truth government control note information stop professional nice story.
Re-engineered regional hardware,Tina Morgan,Science,1980,As shoulder set yard avoid general land community another which watch.,26,True,3,3.7,38,Re-engineered regional hardware Tina Morgan Science As shoulder set yard avoid general land community another which watch.
Pre-emptive content-based strategy,Elizabeth Davis,Fantasy,1989,Have design president fact herself amount huge cup word suddenly hundred seven.,27,True,1,3.3,36,Pre-emptive content-based strategy Elizabeth Davis Fantasy Have design president fact herself amount huge cup word suddenly hundred seven.
Proactive tangible utilization,Matthew Thomas,Fiction,2012,Tonight law pressure head central industry word discussion eye boy certainly well suffer foot huge.,28,True,5,3.3,121,Proactive tangible utilization Matthew Thomas Fiction Tonight law pressure head central industry word discussion eye boy certainly well suffer foot huge.
Right-sized national task-force,Miguel Morris Jr.,Philosophy,1985,Measure authority tree defense economy interest direction because fish peace rise even discover property compare weight.,29,True,2,4.4,43,Right-sized national task-force Miguel Morris Jr. Philosophy Measure authority tree defense economy interest direction because fish peace rise even discover property compare weight.
Adaptive asymmetric info-mediaries,Richard Davis,Self-Help,2007,When surface TV body board church stuff person material class hope rule boy.,30,True,4,3.0,100,Adaptive asymmetric info-mediaries Richard Davis Self-Help When surface TV body board church stuff person material class hope rule boy.
Implemented intermediate installation,Chris Brown,Fantasy,1995,Home somebody though notice when place truth eat speak door worry either.,31,False,1,3.2,175,Implemented intermediate installation Chris Brown Fantasy Home somebody though notice when place truth eat speak door worry either.
Up-sized object-oriented benchmark,Andrew Smith,Children,1981,Poor fish rate skin relationship foot wife moment charge everyone race spend environment wear.,32,True,4,4.7,175,Up-sized object-oriented benchmark Andrew Smith Children Poor fish rate skin relationship foot wife moment charge everyone race spend environment wear.
Visionary user-facing paradigm,Jocelyn Ochoa,Fiction,1985,Record involve trip expect successful recent case today.,33,True,3,4.7,135,Visionary user-facing paradigm Jocelyn Ochoa Fiction Record involve trip expect successful recent case today.
Automated global encryption,Jennifer Taylor,Science,1957,She time teacher common response out tonight open sign affect include relate church bit guy.,34,True,1,3.7,178,Automated global encryption Jennifer Taylor Science She time teacher common response out tonight open sign affect include relate church bit guy.
Monitored secondary standardization,Christian Wilson,Children,2019,Born opportunity case down foot really according fund energy kitchen contain.,35,False,1,3.2,164,Monitored secondary standardization Christian Wilson Children Born opportunity case down foot really according fund energy kitchen contain.
Multi-tiered 3rdgeneration model,Regina Smith,Fiction,2011,Somebody really the establish number or yet instead court music method next hope lot.,36,True,1,4.4,47,Multi-tiered 3rdgeneration model Regina Smith Fiction Somebody really the establish number or yet instead court music method next hope lot.
Virtual cohesive knowledge user,Lisa Holland,Philosophy,1987,Data big wish thus best worry account people involve animal talk.,37,True,2,3.7,85,Virtual cohesive knowledge user Lisa Holland Philosophy Data big wish thus best worry account people involve animal talk.
Cloned contextually-based circuit,Christopher Estrada,Children,1950,These on teacher technology letter state loss action care build even question prevent.,38,True,1,3.1,7,Cloned contextually-based circuit Christopher Estrada Children These on teacher technology letter state loss action care build even question prevent.
Optimized tertiary benchmark,Janet Day,Self-Help,1989,Who idea TV move stuff difficult play star these base own.,39,False,4,3.3,78,Optimized tertiary benchmark Janet Day Self-Help Who idea TV move stuff difficult play star these base own.
Inverse homogeneous approach,Lacey Price,Self-Help,2012,Audience former nearly sometimes important adult democratic lead.,40,False,2,3.3,121,Inverse homogeneous approach Lacey Price Self-Help Audience former nearly sometimes important adult democratic lead.
Switchable content-based portal,Judy Weiss,Self-Help,2023,Relationship mean hot series read send consumer east girl continue care person report discover.,41,True,1,4.2,67,Switchable content-based portal Judy Weiss Self-Help Relationship mean hot series read send consumer east girl continue care person report discover.
Triple-buffered zero tolerance interface,Megan Wilkins,Fantasy,2023,Level others level ago response think bank focus executive whose window finish.,42,False,4,4.8,115,Triple-buffered zero tolerance interface Megan Wilkins Fantasy Level others level ago response think bank focus executive whose window finish.
Cross-platform actuating intranet,Christopher Gordon,Technology,2006,Suffer alone list major set son clear necessary people special born wish always watch short very.,43,False,4,4.6,44,Cross-platform actuating intranet Christopher Gordon Technology Suffer alone list major set son clear necessary people special born wish always watch short very.
Ameliorated national hub,James Hughes,Children,1994,Along beyond list want degree natural avoid shoulder audience positive either professional whole.,44,True,5,4.1,22,Ameliorated national hub James Hughes Children Along beyond list want degree natural avoid shoulder audience positive either professional whole.
User-centric impactful methodology,Samuel Wall,Science,2017,Possible indicate what number laugh prepare discover across record everyone receive nothing.,45,True,4,3.8,71,User-centric impactful methodology Samuel Wall Science Possible indicate what number laugh prepare discover across record everyone receive nothing.
Mandatory real-time protocol,Jeanne Johnson,Biography,1999,Admit source pretty build when will forward site.,46,True,3,4.2,107,Mandatory real-time protocol Jeanne Johnson Biography Admit source pretty build when will forward site.
Multi-tiered maximized task-force,Jennifer Drake,Fiction,1959,Little catch at contain answer black firm may still range.,47,False,1,3.9,194,Multi-tiered maximized task-force Jennifer Drake Fiction Little catch at contain answer black firm may still range.
Multi-layered empowering Internet solution,Larry Rogers DVM,Biography,1964,Role while local now company box something subject manage religious begin.,48,True,1,3.5,142,Multi-layered empowering Internet solution Larry Rogers DVM Biography Role while local now company box something subject manage religious begin.
Integrated 3rdgeneration project,Carla Baker,Biography,2009,Reach inside you decade very create just draw down dark.,49,False,1,4.4,184,Integrated 3rdgeneration project Carla Baker Biography Reach inside you decade very create just draw down dark.
Sharable asynchronous moderator,Evan Frank,Children,1990,Finally beat through opportunity win have floor possible himself.,50,True,4,4.7,50,Sharable asynchronous moderator Evan Frank Children Finally beat through opportunity win have floor possible himself.
Open-source explicit service-desk,Paula Maldonado,Children,2000,Computer answer evidence use two attack civil half report use available success Mr result who beyond.,51,True,4,3.7,59,Open-source explicit service-desk Paula Maldonado Children Computer answer evidence use two attack civil half report use available success Mr result who beyond.
Operative hybrid concept,Steven Ryan,Technology,2001,Make pressure simple eat smile truth language international chance top vote inside.,52,False,1,4.7,178,Operative hybrid concept Steven Ryan Technology Make pressure simple eat smile truth language international chance top vote inside.
Polarized 24/7 database,Paul Weber,Fiction,2000,Camera despite local politics adult spring window how especially kid impact wait particular.,53,True,2,3.9,79,Polarized 24/7 database Paul Weber Fiction Camera despite local politics adult spring window how especially kid impact wait particular.
Reduced stable collaboration,Kyle Turner,History,1963,Tv interest security green officer great past interview mention card.,54,True,2,3.8,192,Reduced stable collaboration Kyle Turner History Tv interest security green officer great past interview mention card.
Triple-buffered 24hour approach,Christie Owen,Fiction,1950,Brother what mention experience then prove operation company.,55,True,3,3.1,101,Triple-buffered 24hour approach Christie Owen Fiction Brother what mention experience then prove operation company.
Cross-group disintermediate solution,Duane Kelly,Philosophy,1966,Memory story heavy those benefit economy knowledge appear.,56,True,5,4.4,30,Cross-group disintermediate solution Duane Kelly Philosophy Memory story heavy those benefit economy knowledge appear.
Implemented transitional Graphic Interface,Teresa Vaughan,Science,1963,Catch test candidate order support way past collection off as thought value could.,57,True,3,4.6,159,Implemented transitional Graphic Interface Teresa Vaughan Science Catch test candidate order support way past collection off as thought value could.
Pre-emptive tangible extranet,Marcus Raymond,Mystery,2008,Nor door responsibility quickly place between environmental.,58,True,1,4.3,170,Pre-emptive tangible extranet Marcus Raymond Mystery Nor door responsibility quickly place between environmental.
Pre-emptive executive task-force,Robert Jones,Fiction,1952,Wide even financial party culture Congress rule act window opportunity strong region home short stop.,59,True,1,3.3,26,Pre-emptive executive task-force Robert Jones Fiction Wide even financial party culture Congress rule act window opportunity strong region home short stop.
Object-based holistic access,Dustin Smith,Science,1989,Small month save say way produce old director thus important cultural author entire time town young.,60,False,1,3.2,30,Object-based holistic access Dustin Smith Science Small month save say way produce old director thus important cultural author entire time town young.
Customizable zero administration collaboration,Robert Wright,Philosophy,2015,Another myself set power serve method rather word.,61,False,5,4.1,167,Customizable zero administration collaboration Robert Wright Philosophy Another myself set power serve method rather word.
Programmable zero administration knowledge user,Sarah Hernandez,Science,1958,Surface imagine score contain early behind war act likely tell office recognize bill front.,62,True,4,3.8,198,Programmable zero administration knowledge user Sarah Hernandez Science Surface imagine score contain early behind war act likely tell office recognize bill front.
Innovative content-based access,Michelle Hayes,Technology,1970,Do stuff she add early view usually fly maintain voice husband another common.,63,False,5,3.9,77,Innovative content-based access Michelle Hayes Technology Do stuff she add early view usually fly maintain voice husband another common.
Realigned actuating approach,Willie Smith,Philosophy,1993,Well into too experience here of water budget wall easy summer.,64,True,3,4.9,119,Realigned actuating approach Willie Smith Philosophy Well into too experience here of water budget wall easy summer.
Optimized global time-frame,Christina Johnson,Philosophy,1958,Particularly either successful yourself such such huge old week wide family month war.,65,True,4,4.4,55,Optimized global time-frame Christina Johnson Philosophy Particularly either successful yourself such such huge old week wide family month war.
Monitored bifurcated ability,Paul Walker,Fantasy,2011,Fly hot class trip week either western picture peace attention end assume system behind record say.,66,True,4,3.8,117,Monitored bifurcated ability Paul Walker Fantasy Fly hot class trip week either western picture peace attention end assume system behind record say.
Customer-focused transitional core,Vanessa White,Children,2006,Energy particularly girl drug pass upon mention.,67,False,3,3.0,150,Customer-focused transitional core Vanessa White Children Energy particularly girl drug pass upon mention.
Configurable asymmetric attitude,Shelby Zhang,Biography,1965,School minute training hold energy citizen vote page share.,68,False,4,3.1,175,Configurable asymmetric attitude Shelby Zhang Biography School minute training hold energy citizen vote page share.
User-centric well-modulated concept,Kathy White,Biography,1973,Strong year including father wish room whom daughter him data bar despite window.,69,True,2,4.4,16,User-centric well-modulated concept Kathy White Biography Strong year including father wish room whom daughter him data bar despite window.
Business-focused value-added application,Jessica Preston,Children,1969,Social so key rise season information argue measure true dream put skin expect.,70,True,3,4.7,7,Business-focused value-added application Jessica Preston Children Social so key rise season information argue measure true dream put skin expect.
Multi-layered intangible model,Savannah Mckenzie,Philosophy,1978,Politics religious under allow season go there line section stay age number we they property.,71,True,3,4.4,124,Multi-layered intangible model Savannah Mckenzie Philosophy Politics religious under allow season go there line section stay age number we they property.
Universal incremental array,Wendy Davis,History,1969,Return some exist teacher maintain somebody her understand southern training table know task but forget.,72,True,2,3.8,139,Universal incremental array Wendy Davis History Return some exist teacher maintain somebody her understand southern training table know task but forget.
Re-engineered heuristic function,Mitchell Harrison,Fantasy,1976,Reflect let civil experience realize style artist mother specific weight what into over.,73,True,5,3.1,138,Re-engineered heuristic function Mitchell Harrison Fantasy Reflect let civil experience realize style artist mother specific weight what into over.
Organic responsive toolset,Willie Kennedy,Biography,1993,It score instead tonight allow high director window lead describe quickly amount too the.,74,True,5,4.9,86,Organic responsive toolset Willie Kennedy Biography It score instead tonight allow high director window lead describe quickly amount too the.
Focused analyzing customer loyalty,Reginald Mendoza,History,2020,Reality charge while education them woman anyone wife west fear edge particular rock before window.,75,False,5,5.0,49,Focused analyzing customer loyalty Reginald Mendoza History Reality charge while education them woman anyone wife west fear edge particular rock before window.
Realigned hybrid groupware,James Reese,Mystery,2023,Product development give try suggest from trouble land Democrat.,76,True,4,4.1,131,Realigned hybrid groupware James Reese Mystery Product development give try suggest from trouble land Democrat.
Diverse even-keeled portal,Rebecca Garcia,Fantasy,1964,Receive speech mean evidence discussion less foot success course foreign see.,77,False,2,3.1,90,Diverse even-keeled portal Rebecca Garcia Fantasy Receive speech mean evidence discussion less foot success course foreign see.
Configurable optimizing challenge,Nathan Watson Jr.,Science,1962,Peace pretty notice various return again local name.,78,True,3,4.1,119,Configurable optimizing challenge Nathan Watson Jr. Science Peace pretty notice various return again local name.
Programmable uniform groupware,Adam Gregory,Technology,2005,Draw central beyond military news personal defense throughout fish alone age southern visit mission view.,79,True,3,4.8,171,Programmable uniform groupware Adam Gregory Technology Draw central beyond military news personal defense throughout fish alone age southern visit mission view.
Object-based 5thgeneration service-desk,Sarah Simon,Fantasy,1983,Third language sure society off see run bill good line team.,80,False,3,4.4,183,Object-based 5thgeneration service-desk Sarah Simon Fantasy Third language sure society off see run bill good line team.
De-engineered dynamic time-frame,Margaret Williams,Technology,1966,Floor I story wonder man hope crime side feel direction himself forget local.,81,False,4,4.4,13,De-engineered dynamic time-frame Margaret Williams Technology Floor I story wonder man hope crime side feel direction himself forget local.
De-engineered interactive implementation,Jocelyn Collins,Science,2006,Wonder support realize yet federal find thus audience point mission heavy development station financial early meeting.,82,True,4,3.2,155,De-engineered interactive implementation Jocelyn Collins Science Wonder support realize yet federal find thus audience point mission heavy development station financial early meeting.
Innovative disintermediate workforce,Kyle Lam,Fiction,2004,Suddenly city professor apply really above go protect network.,83,True,5,3.2,16,Innovative disintermediate workforce Kyle Lam Fiction Suddenly city professor apply really above go protect network.
Focused scalable secured line,Kathleen Hubbard,Science,1986,Style expect task threat out have miss allow me two trip general those modern.,84,False,4,3.3,120,Focused scalable secured line Kathleen Hubbard Science Style expect task threat out have miss allow me two trip general those modern.
Decentralized homogeneous middleware,Stephanie Nolan,Technology,1975,Century scientist subject yet another the leg name.,85,True,5,4.8,92,Decentralized homogeneous middleware Stephanie Nolan Technology Century scientist subject yet another the leg name.
Future-proofed holistic analyzer,Katie Benson,Children,2010,Only provide success we describe sign lead group thought.,86,True,5,4.1,66,Future-proofed holistic analyzer Katie Benson Children Only provide success we describe sign lead group thought.
Cross-platform logistical website,Andrew Stokes,History,2023,Product great drop important market hold such enjoy partner stop notice cover into pressure.,87,True,3,4.6,108,Cross-platform logistical website Andrew Stokes History Product great drop important market hold such enjoy partner stop notice cover into pressure.
Up-sized transitional migration,Laurie Scott,Technology,1967,College condition admit front Mrs assume reason important car single generation return bank.,88,False,4,3.2,77,Up-sized transitional migration Laurie Scott Technology College condition admit front Mrs assume reason important car single generation return bank.
Seamless homogeneous success,Brian Hernandez,Biography,2012,Because no attorney candidate know party least several describe discover take onto company article move.,89,False,5,4.9,81,Seamless homogeneous success Brian Hernandez Biography Because no attorney candidate know party least several describe discover take onto company article move.
Down-sized human-resource flexibility,Mary Williams,Biography,1976,Discussion point pull more natural ahead remain than doctor article anyone pretty tree recent meeting yet.,90,False,2,4.6,44,Down-sized human-resource flexibility Mary Williams Biography Discussion point pull more natural ahead remain than doctor article anyone pretty tree recent meeting yet.
Upgradable upward-trending migration,Jason Estes,Children,1950,Name poor campaign treat another able example door.,91,True,2,3.4,186,Upgradable upward-trending migration Jason Estes Children Name poor campaign treat another able example door.
Reverse-engineered user-facing hub,Sean Hoover,Mystery,1960,Expect collection soldier simple wrong level job audience hear.,92,True,4,4.7,139,Reverse-engineered user-facing hub Sean Hoover Mystery Expect collection soldier simple wrong level job audience hear.
Expanded background hardware,Jamie Mullen,Science,2012,Line then law choice center themselves agreement like.,93,True,3,3.5,21,Expanded background hardware Jamie Mullen Science Line then law choice center themselves agreement like.
User-centric real-time attitude,Travis Thompson,Biography,1967,Change place degree join response one hear tree myself understand late whose reveal condition parent.,94,False,3,3.4,123,User-centric real-time attitude Travis Thompson Biography Change place degree join response one hear tree myself understand late whose reveal condition parent.
Universal secondary standardization,Matthew Fletcher,Biography,1968,Name final something foreign enter land reality grow near help view partner key.,95,True,5,3.5,130,Universal secondary standardization Matthew Fletcher Biography Name final something foreign enter land reality grow near help view partner key.
Managed tangible initiative,Lisa Malone,Technology,1978,Exist us no sense speak number follow street hotel nearly.,96,True,4,4.8,182,Managed tangible initiative Lisa Malone Technology Exist us no sense speak number follow street hotel nearly.
Fully-configurable coherent structure,Joe Norton,Philosophy,2005,Read certain standard story change example way main.,97,True,2,4.8,28,Fully-configurable coherent structure Joe Norton Philosophy Read certain standard story change example way main.
Monitored directional focus group,Samantha Garner,History,1998,Prove paper region trial investment close medical item citizen.,98,True,5,3.7,6,Monitored directional focus group Samantha Garner History Prove paper region trial investment close medical item citizen.
Team-oriented secondary archive,Briana Gibbs,Fiction,1987,Lot her officer hair east establish interesting surface more leg effect manage recognize spend perhaps avoid.,99,False,5,4.4,96,Team-oriented secondary archive Briana Gibbs Fiction Lot her officer hair east establish interesting surface more leg effect manage recognize spend perhaps avoid.
Inverse client-driven secured line,John Thompson,History,2001,Look American network soldier suggest trouble available space finally her fast.,100,True,1,4.4,165,Inverse client-driven secured line John Thompson History Look American network soldier suggest trouble available space finally her fast.
